pattern,trial_number,execution_order,elapsed_ns,rows,cols,total_elements,total_bytes,checksum,preflight_ref,timer,compiler_id,build_flags
row,1,1,5663888,4096,4096,16777216,67108864,2097144125,out/preflight.json,clock_gettime(CLOCK_MONOTONIC),cc (Debian 14.2.0-19) 14.2.0,-std=c11 -O2 -Wall -Wextra -Wpedantic -fno-tree-vectorize -fno-unroll-loops
column,1,2,113309321,4096,4096,16777216,67108864,2097144125,out/preflight.json,clock_gettime(CLOCK_MONOTONIC),cc (Debian 14.2.0-19) 14.2.0,-std=c11 -O2 -Wall -Wextra -Wpedantic -fno-tree-vectorize -fno-unroll-loops
column,2,3,112498483,4096,4096,16777216,67108864,2097144125,out/preflight.json,clock_gettime(CLOCK_MONOTONIC),cc (Debian 14.2.0-19) 14.2.0,-std=c11 -O2 -Wall -Wextra -Wpedantic -fno-tree-vectorize -fno-unroll-loops
row,2,4,5767105,4096,4096,16777216,67108864,2097144125,out/preflight.json,clock_gettime(CLOCK_MONOTONIC),cc (Debian 14.2.0-19) 14.2.0,-std=c11 -O2 -Wall -Wextra -Wpedantic -fno-tree-vectorize -fno-unroll-loops
row,3,5,5701795,4096,4096,16777216,67108864,2097144125,out/preflight.json,clock_gettime(CLOCK_MONOTONIC),cc (Debian 14.2.0-19) 14.2.0,-std=c11 -O2 -Wall -Wextra -Wpedantic -fno-tree-vectorize -fno-unroll-loops
column,3,6,112954504,4096,4096,16777216,67108864,2097144125,out/preflight.json,clock_gettime(CLOCK_MONOTONIC),cc (Debian 14.2.0-19) 14.2.0,-std=c11 -O2 -Wall -Wextra -Wpedantic -fno-tree-vectorize -fno-unroll-loops
column,4,7,112364802,4096,4096,16777216,67108864,2097144125,out/preflight.json,clock_gettime(CLOCK_MONOTONIC),cc (Debian 14.2.0-19) 14.2.0,-std=c11 -O2 -Wall -Wextra -Wpedantic -fno-tree-vectorize -fno-unroll-loops
row,4,8,5997653,4096,4096,16777216,67108864,2097144125,out/preflight.json,clock_gettime(CLOCK_MONOTONIC),cc (Debian 14.2.0-19) 14.2.0,-std=c11 -O2 -Wall -Wextra -Wpedantic -fno-tree-vectorize -fno-unroll-loops
row,5,9,5696448,4096,4096,16777216,67108864,2097144125,out/preflight.json,clock_gettime(CLOCK_MONOTONIC),cc (Debian 14.2.0-19) 14.2.0,-std=c11 -O2 -Wall -Wextra -Wpedantic -fno-tree-vectorize -fno-unroll-loops
column,5,10,112861543,4096,4096,16777216,67108864,2097144125,out/preflight.json,clock_gettime(CLOCK_MONOTONIC),cc (Debian 14.2.0-19) 14.2.0,-std=c11 -O2 -Wall -Wextra -Wpedantic -fno-tree-vectorize -fno-unroll-loops
column,6,11,114371718,4096,4096,16777216,67108864,2097144125,out/preflight.json,clock_gettime(CLOCK_MONOTONIC),cc (Debian 14.2.0-19) 14.2.0,-std=c11 -O2 -Wall -Wextra -Wpedantic -fno-tree-vectorize -fno-unroll-loops
row,6,12,5711991,4096,4096,16777216,67108864,2097144125,out/preflight.json,clock_gettime(CLOCK_MONOTONIC),cc (Debian 14.2.0-19) 14.2.0,-std=c11 -O2 -Wall -Wextra -Wpedantic -fno-tree-vectorize -fno-unroll-loops
row,7,13,6276926,4096,4096,16777216,67108864,2097144125,out/preflight.json,clock_gettime(CLOCK_MONOTONIC),cc (Debian 14.2.0-19) 14.2.0,-std=c11 -O2 -Wall -Wextra -Wpedantic -fno-tree-vectorize -fno-unroll-loops
column,7,14,117984453,4096,4096,16777216,67108864,2097144125,out/preflight.json,clock_gettime(CLOCK_MONOTONIC),cc (Debian 14.2.0-19) 14.2.0,-std=c11 -O2 -Wall -Wextra -Wpedantic -fno-tree-vectorize -fno-unroll-loops
column,8,15,116247134,4096,4096,16777216,67108864,2097144125,out/preflight.json,clock_gettime(CLOCK_MONOTONIC),cc (Debian 14.2.0-19) 14.2.0,-std=c11 -O2 -Wall -Wextra -Wpedantic -fno-tree-vectorize -fno-unroll-loops
row,8,16,6091405,4096,4096,16777216,67108864,2097144125,out/preflight.json,clock_gettime(CLOCK_MONOTONIC),cc (Debian 14.2.0-19) 14.2.0,-std=c11 -O2 -Wall -Wextra -Wpedantic -fno-tree-vectorize -fno-unroll-loops
row,9,17,5802789,4096,4096,16777216,67108864,2097144125,out/preflight.json,clock_gettime(CLOCK_MONOTONIC),cc (Debian 14.2.0-19) 14.2.0,-std=c11 -O2 -Wall -Wextra -Wpedantic -fno-tree-vectorize -fno-unroll-loops
column,9,18,135827436,4096,4096,16777216,67108864,2097144125,out/preflight.json,clock_gettime(CLOCK_MONOTONIC),cc (Debian 14.2.0-19) 14.2.0,-std=c11 -O2 -Wall -Wextra -Wpedantic -fno-tree-vectorize -fno-unroll-loops
column,10,19,120379526,4096,4096,16777216,67108864,2097144125,out/preflight.json,clock_gettime(CLOCK_MONOTONIC),cc (Debian 14.2.0-19) 14.2.0,-std=c11 -O2 -Wall -Wextra -Wpedantic -fno-tree-vectorize -fno-unroll-loops
row,10,20,6207130,4096,4096,16777216,67108864,2097144125,out/preflight.json,clock_gettime(CLOCK_MONOTONIC),cc (Debian 14.2.0-19) 14.2.0,-std=c11 -O2 -Wall -Wextra -Wpedantic -fno-tree-vectorize -fno-unroll-loops
row,11,21,6906849,4096,4096,16777216,67108864,2097144125,out/preflight.json,clock_gettime(CLOCK_MONOTONIC),cc (Debian 14.2.0-19) 14.2.0,-std=c11 -O2 -Wall -Wextra -Wpedantic -fno-tree-vectorize -fno-unroll-loops
column,11,22,111966900,4096,4096,16777216,67108864,2097144125,out/preflight.json,clock_gettime(CLOCK_MONOTONIC),cc (Debian 14.2.0-19) 14.2.0,-std=c11 -O2 -Wall -Wextra -Wpedantic -fno-tree-vectorize -fno-unroll-loops
column,12,23,111759466,4096,4096,16777216,67108864,2097144125,out/preflight.json,clock_gettime(CLOCK_MONOTONIC),cc (Debian 14.2.0-19) 14.2.0,-std=c11 -O2 -Wall -Wextra -Wpedantic -fno-tree-vectorize -fno-unroll-loops
row,12,24,5899375,4096,4096,16777216,67108864,2097144125,out/preflight.json,clock_gettime(CLOCK_MONOTONIC),cc (Debian 14.2.0-19) 14.2.0,-std=c11 -O2 -Wall -Wextra -Wpedantic -fno-tree-vectorize -fno-unroll-loops
row,13,25,5859074,4096,4096,16777216,67108864,2097144125,out/preflight.json,clock_gettime(CLOCK_MONOTONIC),cc (Debian 14.2.0-19) 14.2.0,-std=c11 -O2 -Wall -Wextra -Wpedantic -fno-tree-vectorize -fno-unroll-loops
column,13,26,112230859,4096,4096,16777216,67108864,2097144125,out/preflight.json,clock_gettime(CLOCK_MONOTONIC),cc (Debian 14.2.0-19) 14.2.0,-std=c11 -O2 -Wall -Wextra -Wpedantic -fno-tree-vectorize -fno-unroll-loops
column,14,27,111638382,4096,4096,16777216,67108864,2097144125,out/preflight.json,clock_gettime(CLOCK_MONOTONIC),cc (Debian 14.2.0-19) 14.2.0,-std=c11 -O2 -Wall -Wextra -Wpedantic -fno-tree-vectorize -fno-unroll-loops
row,14,28,5646863,4096,4096,16777216,67108864,2097144125,out/preflight.json,clock_gettime(CLOCK_MONOTONIC),cc (Debian 14.2.0-19) 14.2.0,-std=c11 -O2 -Wall -Wextra -Wpedantic -fno-tree-vectorize -fno-unroll-loops
row,15,29,6069783,4096,4096,16777216,67108864,2097144125,out/preflight.json,clock_gettime(CLOCK_MONOTONIC),cc (Debian 14.2.0-19) 14.2.0,-std=c11 -O2 -Wall -Wextra -Wpedantic -fno-tree-vectorize -fno-unroll-loops
column,15,30,114251015,4096,4096,16777216,67108864,2097144125,out/preflight.json,clock_gettime(CLOCK_MONOTONIC),cc (Debian 14.2.0-19) 14.2.0,-std=c11 -O2 -Wall -Wextra -Wpedantic -fno-tree-vectorize -fno-unroll-loops
